<application>
  <component name="FileTypeManager" version="17">
    <extensionMap>
      <mapping pattern="OtherUiUtil" type="CLASS" />
      <mapping ext="webp" type="Image" />
      <mapping pattern="selector_bottom_bar_home" type="PLAIN_TEXT" />
      <mapping pattern="channel" type="PLAIN_TEXT" />
      <mapping ext="ser" type="PLAIN_TEXT" />
      <mapping ext="m4a" type="PLAIN_TEXT" />
      <mapping ext="md" type="PLAIN_TEXT" />
      <mapping ext="jks" type="PLAIN_TEXT" />
      <mapping pattern=".gitignore_global" type="Git file" />
    </extensionMap>
  </component>
</application>