<application>
  <component name="SexyEditor">
    <option name="configs">
      <list>
        <BackgroundConfiguration>
          <option name="fileNames">
            <array>
              <option value="$USER_HOME$/Desktop/Mojave Night.jpg" />
            </array>
          </option>
          <option name="opacity" value="0.15" />
          <option name="position" value="4" />
          <option name="positionOffset" value="0" />
          <option name="shrink" value="true" />
        </BackgroundConfiguration>
      </list>
    </option>
  </component>
</application>