<application>
  <component name="GitRememberedInputs">
    <option name="visitedUrls">
      <list>
        <UrlAndUserName>
          <option name="url" value="https://git.coding.net/luziqi123/VWindow.git" />
          <option name="userName" value="" />
        </UrlAndUserName>
        <UrlAndUserName>
          <option name="url" value="http://git.coding.net" />
          <option name="userName" value="luziqi123" />
        </UrlAndUserName>
        <UrlAndUserName>
          <option name="url" value="https://gitee.com/SimpleMod/LiBo.git" />
          <option name="userName" value="" />
        </UrlAndUserName>
        <UrlAndUserName>
          <option name="url" value="http://gitee.com" />
          <option name="userName" value="runningmaggot@163.com" />
        </UrlAndUserName>
      </list>
    </option>
    <option name="cloneParentDir" value="$USER_HOME$/StudioProjects" />
  </component>
</application>